"","kab.x","kab_code","health_prop","Kesehatan","prop_women","num_vil","pop_urb","pop","schools","pre_male_doc","pre_fem_doc","mosques","pubs","dist_to_cap","polindes","some_gambling","civil_def","kab.y","health_prop_2008","prov"
"1","ACEH BARAT","1107","0.125538156873685","107173180378.2",NA,"320","13","182627","158","26","15","282","0","32.409375","30","0","143","ACEH BARAT","0.114092105279362","11"
"2","ACEH BESAR","1108","0.10138888039256","119232132000",NA,"604","36","339522","243","39","56","141","0","48.112582781457","271","1","1866","ACEH BESAR","0.120938518077268","11"
"3","ACEH SELATAN","1103","0.116837309022179","113871633528",NA,"248","18","210111","220","17","10","247","0","45.1774193548387","123","0","1669","ACEH SELATAN","0.105659305934013","11"
"4","ACEH SINGKIL","1102","0.106986852557313","67705586429",NA,"117","12","104469","90","9","14","130","0","46.5726495726496","17","0","563","ACEH SINGKIL","0.098215182186965","11"
"5","ACEH TENGAH","1106","0.119828232914879","120967280589",NA,"271","24","186110","187","25","17","235","0","25.3468634686347","130","0","1811","ACEH TENGAH","0.110673535149893","11"
"6","ACEH TENGGARA","1104","0.120076166499403","103945248686.36","0.2","385","10","210457","171","30","14","215","0","15.7090909090909","81","7","1074","ACEH TENGGARA","0.0872730433198235","11"
"7","ACEH TIMUR","1105","0.11438362315079","149343199311.75",NA,"512","20","384716","287","15","9","319","0","33.666015625","178","1","917","ACEH TIMUR","0.0859537130256613","11"
"8","ACEH UTARA","1111","0.120869669348709","212050348473",NA,"852","36","551139","370","42","33","279","0","29.5692488262911","236","2","2749","ACEH UTARA","0.0705008942211327","11"
"9","BIREUEN","1110","0.146066541960823","184149178942","0.2","608","33","406593","308","70","32","178","0","20.7894736842105","172","3","1498","BIREUEN","0.0980822722096974","11"
"10","PIDIE","1109","0.167977613198814","210021499389","0.111111111111111","731","47","396500","331","39","36","180","0","16.484268125855","124","0","543",NA,NA,"11"
"11","SIMEULEU",NA,"0.110561766932949","66432676152","NaN",NA,NA,NA,NA,NA,NA,NA,NA,NA,NA,NA,NA,NA,NA,NA
"12","KOTA BANDA ACEH","1171","0.111129409735892","123766566084","0","90","90","214707","93","96","92","97","0","3.34444444444444","35","0","897","KOTA BANDA ACEH","0.0691537104276072","11"
"13","KOTA SABANG","1172","0.102534250411327","58218482833","0.181818181818182","18","6","32649","30","10","7","19","0","9.72222222222222","4","0","0","KOTA SABANG","0.140588922834233","11"
"14","KOTA LANGSA","1173","0.188967128137163","135888132827","0.333333333333333","51","24","145878","67","30","19","58","0","4.64705882352941","44","2","569","KOTA LANGSA","0.119745750900721","11"
"15","KOTA LHOKSEUMAWE","1174","0.0667252410426541","52010510095","0.230769230769231","68","32","161943","66","69","48","43","0","7.01470588235294","17","1","440","KOTA LHOKSEUMAWE","0.0955818924571873","11"
"16","GAYO LUES","1113","0.0990255330128447","69474086814",NA,"144","4","78125","94","16","9","124","0","25.5694444444444","34","1","732","GAYO LUES","0.094188213379301","11"
"17","ACEH BARAT DAYA","1112","0.117673125494229","91454497063",NA,"132","12","125708","119","17","11","150","0","12.6136363636364","75","0","828","ACEH BARAT DAYA","0.0922126788620834","11"
"18","ACEH JAYA","1116","0.101266755793084","72170976159",NA,"171","6","78555","108","7","13","111","0","56.233918128655","48","1","240","ACEH JAYA","0.0687663313147148","11"
"19","NAGAN RAYA","1115","0.106159522969219","98842794622","0.111111111111111","223","6","142099","129","17","6","230","0","28.7937219730942","31","0","739","NAGAN RAYA","0.0912890480845031","11"
"20","ACEH TAMIANG","1114","0.118430182960531","100579066711","0.2","213","22","258175","170","22","31","283","1","22.018779342723","163","1","988","ACEH TAMIANG","0.0766340140947038","11"
"21","BENER MERIAH","1117","0.10852826130922","73985555530",NA,"232","18","122101","126","5","7","147","0","23.8965517241379","92","1","944","BENER MERIAH","0.08141966458714","11"
"22","KOTA SUBULUSSALAM","1175","0.0943122614087635","45201660837","0","74","4","68729","69","4","2","91","0","18.0540540540541","18","0","289",NA,NA,"11"
"23","PIDIE JAYA","1118","0.107280419538402","74541749851","0.333333333333333","222","7","138300","111","4","5","66","0","14.0990990990991","57","1","3","PIDIE JAYA","0.0569302751426346","11"
"24","ASAHAN","1208","0.0827098522697734","94447027423","0.105263157894737","176","40","658557","391","45","25","692","5","29.4727272727273","45","0","877","ASAHAN","0.102821774843528","12"
"25","DAIRI","1210","0.114733438699198","86452062535",NA,"169","7","279624","254","16","16","119","2","28.2218934911243","135","2","509","DAIRI","0.0999233225823709","12"
"26","DELI SERDANG","1212","0.115558923166095","325676483244","0.125","394","125","1656382","607","149","105","900","11","35.6322335025381","104","3","2336","DELI SERDANG","0.11589778978256","12"
"27","LABUHAN BATU","1207","0.127775969666218","123571868147","0.166666666666667","242","25","1014347","670","117","66","1174","1","57.5144628099174","192","6","3051","LABUHAN BATU","0.0920295952917473","12"
"28","LANGKAT","1213","0.106431814329457","190298439253","0.166666666666667","277","40","1031182","608","58","32","982","0","42.2447653429603","129","5","2964","LANGKAT","0.0958516766402116","12"
"29","MANDAILING NATAL","1202","0.109250068712525","95758786278","0.142857142857143","395","16","411648","390","36","39","563","4","49.1248101265823","177","4","1101","MANDAILING NATAL","0.0743348910815748","12"
"30","NIAS","1201","0.194067549860359","98432572617",NA,"443","8","445249","435","21","8","74","3","38.410158013544","80","1","2324","NIAS","0.0914984592893866","12"
"31","SIMALUNGUN","1209","0.0655731750204624","124284689600",NA,"351","50","868122","808","53","42","845","2","42.2985754985755","92","7","1607","SIMALUNGUN","0.0846423555002237","12"
"32","TAPANULI SELATAN","1203","0.0827063899116222","76533413063",NA,"497","10","274737","294","7","17","567","2","48.9722334004024","66","3","1138","TAPANULI SELATAN","0.119570645597765","12"
"33","TAPANULI TENGAH","1204","0.0819236544744832","86676575320",NA,"173","12","307700","304","9","14","212","7","51.1341040462428","134","1","449","TAPANULI TENGAH","0.0678179543071276","12"
"34","TAPANULI UTARA","1205","0.0968388800627174","81317044921","0.0769230769230769","243","12","272263","381","34","30","59","0","34.883950617284","257","2","32","TAPANULI UTARA","0.136088268080633","12"
"35","TOBA SAMOSIR","1206","0.0886421699771266","63763784775",NA,"192","21","176336","212","34","35","30","0","27.6817708333333","159","0","19","TOBA SAMOSIR","0.133683214687664","12"
"36","KOTA BINJAI","1276","0.164670836758781","148651004061.34",NA,"37","34","231909","128","46","34","140","1","3.02432432432432","0","0","1106","KOTA BINJAI","0.133286156128757","12"
"37","KOTA MEDAN","1275","0.114439736081639","499697372920","0.2","151","151","2500445","386","834","426","901","28","7.59139072847682","0","4","1506","KOTA MEDAN","0.130467557371321","12"
"38","KOTA PEMATANG SIANTAR","1273","0.103238677043124","84197489439","0.142857142857143","43","43","269382","116","63","29","107","5","2.51162790697674","0","2","148","KOTA PEMATANG SIANTAR","0.12048418877282","12"
"39","KOTA SIBOLGA","1271","0.179677211588674","102665865416",NA,"17","17","85470","32","15","7","31","2","1.37058823529412","0","0","80","KOTA SIBOLGA","0.126529585039273","12"
"40","KOTA TANJUNG BALAI","1272","0.107716509509994","71294764059",NA,"31","28","150664","68","28","16","49","3","2.34516129032258","0","0","2","KOTA TANJUNG BALAI","0.107629765773867","12"
"41","KOTA TEBING TINGGI","1274","0.151726266544243","85818428000",NA,"35","35","138949","78","26","15","108","0","3.2","0","0","68","KOTA TEBING TINGGI","0.114768915937102","12"
"42","KOTA PADANG SIDEMPUAN",NA,"0.128160879170905","78063893152","NaN",NA,NA,NA,NA,NA,NA,NA,NA,NA,NA,NA,NA,NA,NA,NA
"43","PAKPAK BARAT",NA,"0.0936405027028096","44629185695","NaN",NA,NA,NA,NA,NA,NA,NA,NA,NA,NA,NA,NA,NA,NA,NA
"44","NIAS SELATAN","1214","0.119926643889541","103122757637","0.133333333333333","214","2","354268","276","16","11","18","2","62.9266355140187","38","4","956","NIAS SELATAN","0.0925139160031912","12"
"45","HUMBANG HASUNDUTAN","1215","0.108638169150961","72870396278",NA,"144","7","171296","222","20","16","23","0","28.3041666666667","84","0","194","HUMBANG HASUNDUTAN","0.0825873292325681","12"
"46","SERDANG BEDAGAI","1218","0.0836972673961993","96069427423.9","0","243","37","607385","438","24","17","623","3","32.3724279835391","54","5","939","SERDANG BEDAGAI","0.0779761264971436","12"
"47","SAMOSIR","1217","0.0890347103226469","58088468774","0.2","117","5","129331","194","18","18","5","0","23.1068376068376","90","0","261","SAMOSIR","0.101893346994007","12"
"48","BATU BARA","1219","0.081938049028728","64166523543","0","100","18","378811","237","19","16","259","2","25.118","14","3","258","BATU BARA","0.0751345401061982","12"
"49","PADANG LAWAS","1221","0.0956722345796889","57639860136",NA,"304","2","218503","182","9","9","362","1","34.6036184210526","95","2","565",NA,NA,"12"
"50","PADANG LAWAS UTARA","1220","0.141137116438988","82358238183",NA,"386","0","227042","198","9","7","476","1","46.3867875647668","105","1","350",NA,NA,"12"
"51","LABUHANBATU SELATAN",NA,"0.10077524386144","72127718769","NaN",NA,NA,NA,NA,NA,NA,NA,NA,NA,NA,NA,NA,NA,NA,NA
"52","LABUHANBATU UTARA",NA,"0.116703431783674","82986693664","NaN",NA,NA,NA,NA,NA,NA,NA,NA,NA,NA,NA,NA,NA,NA,NA
"53","NIAS UTARA","1224","0.0727655337014142","36064115632",NA,NA,NA,NA,NA,NA,NA,NA,NA,NA,NA,NA,NA,NA,NA,"12"
"54","NIAS BARAT","1225","0.0762312306325324","30267849067",NA,NA,NA,NA,NA,NA,NA,NA,NA,NA,NA,NA,NA,NA,NA,"12"
"55","KOTA GUNUNG SITOLI",NA,"0.06859142017768","34718758034","NaN",NA,NA,NA,NA,NA,NA,NA,NA,NA,NA,NA,NA,NA,NA,NA
"56","LIMA PULUH KOTA","1308","0.0800248028761822","82339590972","0.2","76","1","336187","370","27","25","405","0","28.4473684210526","120","0","1065","LIMA PULUH KOTA","0.0832167989692238","13"
"57","AGAM","1307","0.0983093321941809","113242361212",NA,"82","13","455591","441","22","30","514","1","56.0658536585366","125","0","912","AGAM","0.0951342628510696","13"
"58","KEPULAUAN MENTAWAI","1301","0.128674860948843","107816944738.9",NA,"43","1","75379","103","7","8","44","0","92.5930232558139","23","0","301","KEPULAUAN MENTAWAI","0.140147071773371","13"
"59","PADANG PARIAMAN","1306","0.0829186654656494","91816047715",NA,"47","6","388098","409","11","31","309","3","19.5808510638298","78","0","382","PADANG PARIAMAN","0.067963169087436","13"
"60","PASAMAN","1309","0.142356069755125","104087995700",NA,"32","2","245862","232","23","13","386","0","39.321875","64","0","392","PASAMAN","0.10610132916991","13"
"61","PESISIR SELATAN","1302","0.0900332254917171","107710843677",NA,"38","2","458515","398","20","22","483","1","47.8026315789474","121","0","469","PESISIR SELATAN","0.0853981689489978","13"
"62","SIJUNJUNG","1304","0.0958324357104213","72901593377.5",NA,"47","1","198823","198","10","18","174","0","36.8212765957447","56","0","531",NA,NA,"13"
"63","SOLOK","1303","0.0789367754005925","78247084075",NA,"74","2","358602","332","9","23","309","0","41.1472972972973","112","0","914","SOLOK","0.0932605412594779","13"
"64","TANAH DATAR","1305","0.0967698489154572","86789313989","0.125","75","7","344143","313","45","37","306","0","19.3586666666667","109","1","904","TANAH DATAR","0.084071343225879","13"
"65","KOTA BUKIT TINGGI",NA,"0.0565648632698089","32583216133","NaN",NA,NA,NA,NA,NA,NA,NA,NA,NA,NA,NA,NA,NA,NA,NA
"66","KOTA PADANG PANJANG","1374","0.139595494291635","71935498127","0.375","16","14","47824","32","17","12","34","2","2.175","1","0","91","KOTA PADANG PANJANG","0.0929272759903465","13"
"67","KOTA PADANG","1371","0.0977795581945105","211806813419.41","0.125","104","90","777893","342","243","122","569","8","8.87211538461538","2","0","229","KOTA PADANG","0.0612684727794562","13"
"68","KOTA PAYAKUMBUH","1376","0.117582042349794","75757495160","0.2","73","48","109179","67","22","27","81","2","5.25342465753425","0","1","216","KOTA PAYAKUMBUH","0.117677289453661","13"
"69","KOTA SAWAHLUNTO",NA,"0.153084899282788","80521688542","NaN",NA,NA,NA,NA,NA,NA,NA,NA,NA,NA,NA,NA,NA,NA,NA
"70","KOTA SOLOK","1372","0.0633684970711654","34201994847",NA,"13","12","53563","43","13","17","44","3","1.84615384615385","0","0","221","KOTA SOLOK","0.0531975809883037","13"
"71","KOTA PARIAMAN","1377","0.0757279951145959","42535322911","0.2","71","40","78920","70","16","19","64","2","4.28028169014085","25","1","38","KOTA PARIAMAN","0.0822964322212818","13"
"72","PASAMAN BARAT","1312","0.0932542822282498","80212511716","0.25","19","1","347051","246","21","16","346","0","34.2105263157895","116","1","181","PASAMAN BARAT","0.0943520442272605","13"
"73","DHARMAS RAYA",NA,"0.103893333028699","75001410894","NaN",NA,NA,NA,NA,NA,NA,NA,NA,NA,NA,NA,NA,NA,NA,NA
"74","SOLOK SELATAN","1310","0.11039941311935","70404041369",NA,"32","2","145178","134","8","20","171","0","37.8875","13","0","187","SOLOK SELATAN","0.0939558020332519","13"
"75","BENGKALIS","1408","0.0655619456732353","306181588729","0","175","26","737613","440","80","44","783","9","94.4382857142857","69","2","2240","BENGKALIS","0.0610353771031771","14"
"76","INDRAGIRI HILIR","1403","0.0869089144676573","180069239180.49",NA,"193","5","661579","485","47","23","866","3","86.6347150259067","18","2","1624","INDRAGIRI HILIR","0.0620981254177201","14"
"77","INDRAGIRI HULU","1402","0.0704905433300038","120787173145.95",NA,"194","16","327487","249","36","19","411","0","49.7721649484536","26","11","1724","INDRAGIRI HULU","0.0448413157032038","14"
"78","KAMPAR","1406","0.0714167543409265","172644118149",NA,"243","7","638439","441","68","59","736","0","59.8098765432099","17","4","2456","KAMPAR","0.0681434102692524","14"
"79","KUANTAN SINGINGI","1401","0.0604765787102655","83357760459","0.166666666666667","209","17","271370","226","24","28","329","0","35.0311004784689","13","2","2006","KUANTAN SINGINGI","0.0628690463244838","14"
"80","PELALAWAN","1404","0.0564889784494639","117917949564",NA,"118","4","267947","190","24","38","346","2","85.5254237288136","3","1","1100","PELALAWAN","0.058906963658557","14"
"81","ROKAN HILIR","1409","0.0689276822265053","186966610836",NA,"118","8","504170","259","47","20","569","3","101.787288135593","86","0","1837","ROKAN HILIR","0.054781005346482","14"
"82","ROKAN HULU","1407","0.0656440760004148","115443669691",NA,"151","4","405043","282","28","27","567","5","48","35","0","1896","ROKAN HULU","0.0941238314159772","14"
"83","SIAK",NA,"0.0630634630321249","169043125750","NaN",NA,NA,NA,NA,NA,NA,NA,NA,NA,NA,NA,NA,NA,NA,NA
"84","KOTA DUMAI",NA,"0.122015815045535","163716627712","NaN",NA,NA,NA,NA,NA,NA,NA,NA,NA,NA,NA,NA,NA,NA,NA
"85","KOTA PEKANBARU","1471","0.0588449361718239","163981724554","0.166666666666667","58","56","777217","195","164","121","539","17","6.48448275862069","0","0","1600","KOTA PEKANBARU","0.0395501978801026","14"
"86","MERANTI",NA,"0.0557727318194059","90083198320","NaN",NA,NA,NA,NA,NA,NA,NA,NA,NA,NA,NA,NA,NA,NA,NA
"87","BATANGHARI",NA,"0.0804925598229201","81095713836.51","NaN",NA,NA,NA,NA,NA,NA,NA,NA,NA,NA,NA,NA,NA,NA,NA
"88","BUNGO","1509","0.129992250954746","144369589679.5",NA,"144","12","288655","229","19","21","305","2","38.2791666666667","28","2","1148","BUNGO","0.108374393055949","15"
"89","KERINCI","1501","0.10506523656475","83379235487.4","0","278","35","355152","302","29","36","336","1","18.5410071942446","10","3","1208","KERINCI","0.114620970361032","15"
"90","MERANGIN","1502","0.0885023937209421","89422787702.76",NA,"177","4","314463","328","29","18","424","3","51.4841807909605","18","1","1290","MERANGIN","0.0698970592807686","15"
"91","MUARO JAMBI","1505","0.0879044162377362","95852253031.43",NA,"133","1","324001","234","22","15","402","0","63.4834586466165","43","1","1063",NA,NA,"15"
"92","SAROLANGUN","1503","0.0800400759024936","72944022877",NA,"131","3","234640","207","16","15","394","0","46.9885496183206","32","0","988","SAROLANGUN","0.0758770005050044","15"
"93","TANJUNG JABUNG BARAT","1507","0.083049069863071","121234723800",NA,"67","10","244917","197","21","12","315","0","106.098507462687","13","1","379","TANJUNG JABUNG BARAT","0.0727646580258605","15"
"94","TANJUNG JABUNG TIMUR","1506","0.0582146861012242","58804458230",NA,"93","17","210343","206","21","15","360","0","53.0290322580645","25","1","689","TANJUNG JABUNG TIMUR","0.059260774544894","15"
"95","TEBO","1508","0.0732913511488323","62738571175","0.0909090909090909","105","2","274069","227","28","20","450","1","61.0609523809524","0","0","1326","TEBO","0.106433140740319","15"
"96","KOTA JAMBI","1571","0.112719600779373","142544740128",NA,"62","56","495867","191","99","44","296","15","7.7758064516129","1","0","124","KOTA JAMBI","0.079026573765779","15"
"97","KOTA SUNGAI PENUH","1572","0.0574865469158151","37220240767",NA,NA,NA,NA,NA,NA,NA,NA,NA,NA,NA,NA,NA,NA,NA,"15"
"98","LAHAT","1604","0.0920765255617445","131208576537","0","376","22","388281","323","14","21","547","6","46.5603723404255","145","3","1111","LAHAT","0.0704622377700308","16"
"99","MUSI BANYUASIN","1606","0.0736777645764568","272425855150",NA,"218","5","546897","413","21","13","599","3","97.3123853211009","90","0","2790","MUSI BANYUASIN","0.117043457100561","16"
"100","MUSI RAWAS","1605","0.0851741097037758","102057169367",NA,"261","1","511988","424","12","17","610","1","68.1662835249042","209","6","2774","MUSI RAWAS","0.0853821223396295","16"
"101","MUARA ENIM","1603","0.0952646735922391","179201907962.1",NA,"311","20","711843","458","38","39","595","1","90.016077170418","50","1","4342","MUARA ENIM","0.0774893541753818","16"
"102","OGAN KOMERING ILIR","1602","0.0816967873780437","122132102092","0.166666666666667","308","18","762107","451","42","34","747","2","77.699025974026","126","0","4504","OGAN KOMERING ILIR","0.0784909851009979","16"
"103","OGAN KOMERING ULU","1601","0.100458827141759","113931205120",NA,"150","16","312984","186","26","16","367","4","34.9806666666667","71","1","1946","OGAN KOMERING ULU","0.0881211514154865","16"
"104","KOTA PALEMBANG","1671","0.0651882918296271","195439026853.51","0.25","107","103","1429064","280","277","208","688","19","6.50467289719626","3","0","102","KOTA PALEMBANG","0.0861394447783252","16"
"105","KOTA PRABUMULIH","1672","0.107074555472644","90577599890",NA,"37","18","153333","89","26","15","113","3","8.27027027027027","20","0","561","KOTA PRABUMULIH","0.0904316878318996","16"
"106","KOTA PAGAR ALAM","1673","0.100273054695314","69970511350",NA,"35","10","121812","80","9","5","169","2","11.6428571428571","39","0","198","KOTA PAGAR ALAM","0.14957347752834","16"
"107","KOTA LUBUK LINGGAU",NA,"0.0750440668110903","74419276441","NaN",NA,NA,NA,NA,NA,NA,NA,NA,NA,NA,NA,NA,NA,NA,NA
"108","BANYUASIN",NA,"0.073412974587527","128591771479","NaN",NA,NA,NA,NA,NA,NA,NA,NA,NA,NA,NA,NA,NA,NA,NA
"109","OGAN ILIR","1610","0.0649090674583067","79453762632",NA,"240","17","402898","260","9","10","338","1","28.3166666666667","50","4","1334","OGAN ILIR","0.0639464322748559","16"
"110","OGAN KOMERING ULU TIMUR","1609","0.0967487848893438","114761507106","0.2","276","11","601678","423","33","19","825","3","53.7246376811594","59","0","3196","OGAN KOMERING ULU TIMUR","0.0648647747607032","16"
"111","OGAN KOMERING ULU SELATAN","1608","0.0780645853508721","70587709702.31",NA,"241","5","372426","237","9","6","526","0","44.8713692946058","113","3","897","OGAN KOMERING ULU SELATAN","0.0577441245815335","16"
"112","EMPAT LAWANG","1611","0.109416070268197","85121732597","0.230769230769231","156","2","252611","167","4","4","243","0","45.0230769230769","64","1","553","EMPAT LAWANG","0.0460434898601585","16"
"113","MUSI RAWAS UTARA","1613","0.0617312331802959","33566429643",NA,NA,NA,NA,NA,NA,NA,NA,NA,NA,NA,NA,NA,NA,NA,"16"
"114","BENGKULU SELATAN","1701","0.0981345198490344","72165353200",NA,"159","17","155532","133","22","7","307","1","19.1452830188679","26","2","749","BENGKULU SELATAN","0.16767588223751","17"
"115","BENGKULU UTARA","1703","0.116117418065099","96408840420.97",NA,"324","8","379706","322","32","40","713","3","60.5787037037037","68","6","1412","BENGKULU UTARA","0.0967761405778686","17"
"116","REJANG LEBONG","1702","0.116120007141779","87382122874.36",NA,"156","29","266810","181","26","21","243","1","24.8967948717949","49","0","873","REJANG LEBONG","0.124483620931226","17"
"117","KOTA BENGKULU","1771","0.0810270434507549","76857945700",NA,"67","64","286235","83","161","127","354","11","4.70597014925373","3","0","878","KOTA BENGKULU","0.0815726149336794","17"
"118","KAUR","1704","0.0824039086195887","44164679743.7",NA,"158","0","131481","127","13","11","245","0","29.8107594936709","5","1","787","KAUR","0.0877180070656859","17"
"119","SELUMA","1705","0.0794625597127462","52873946277",NA,"170","1","190104","186","14","21","341","2","34.7123529411765","9","2","978","SELUMA","0.0777768875925024","17"
"120","MUKOMUKO","1706","0.116794618220899","76372207135",NA,"128","4","147653","113","15","17","319","0","61.234375","26","2","875","MUKOMUKO","0.0800376998538684","17"
"121","LEBONG","1707","0.0754079394903772","42255278213",NA,"82","6","111545","101","4","6","127","0","22.030487804878","20","1","750","LEBONG","0.077424914603825","17"
"122","KEPAHIANG","1708","0.096497781715026","57347998135.71",NA,"107","4","140180","96","15","8","144","1","13.9971962616822","21","1","595","KEPAHIANG","0.0961893152020933","17"
"123","BENGKULU TENGAH","1709","0.0794859715806429","41360496061.15",NA,NA,NA,NA,NA,NA,NA,NA,NA,NA,NA,NA,NA,NA,NA,"17"
"124","LAMPUNG BARAT","1801","0.0954941652063782","61744202633","0.285714285714286","201","4","432239","275","25","20","961","0","55.2646766169154","44","1","1982","LAMPUNG BARAT","0.0633533547963776","18"
"125","LAMPUNG SELATAN","1803","0.0938770179771062","131040725750","0.25","251","22","890901","475","29","23","1301","1","40.0764940239044","38","2","3359","LAMPUNG SELATAN","0.0720994992172332","18"
"126","LAMPUNG TENGAH","1805","0.058708861913276","112187829136",NA,"301","11","1140502","702","41","24","1514","2","41.2687707641196","65","4","7836","LAMPUNG TENGAH","0.0704900893654783","18"
"127","LAMPUNG UTARA","1806","0.0661206275090029","79401870412","0.181818181818182","247","16","616404","430","39","19","1059","2","28.5580971659919","58","1","3644","LAMPUNG UTARA","0.0623257484964656","18"
"128","LAMPUNG TIMUR","1804","0.0785852920872993","124524012687","0.285714285714286","257","7","949984","533","29","19","1282","1","39.2105058365759","43","1","5722","LAMPUNG TIMUR","0.0592102273541221","18"
"129","TANGGAMUS","1802","0.0742285848740715","81360407686.1",NA,"379","34","943342","673","38","19","1312","0","47.1591029023747","48","1","3611","TANGGAMUS","0.0727155019138999","18"
"130","TULANG BAWANG",NA,"0.110728372985937","91024617746","NaN",NA,NA,NA,NA,NA,NA,NA,NA,NA,NA,NA,NA,NA,NA,NA
"131","WAY KANAN","1807","0.0745191456412644","67528392889",NA,"210","0","422473","306","30","50","798","0","60.9","53","0","2321","WAY KANAN","0.0734357602936858","18"
"132","KOTA BANDAR LAMPUNG","1871","0.0928749282412729","184075312881",NA,"98","96","773534","216","164","78","591","10","6.23673469387755","6","0","1457","KOTA BANDAR LAMPUNG","0.0783231613054992","18"
"133","KOTA METRO","1872","0.13537299588406","93891643953","0.277777777777778","22","22","138862","52","32","15","130","0","3.29545454545455","21","0","635","KOTA METRO","0.128883521473492","18"
"134","PESAWARAN","1809","0.0520091787755032","53019004650",NA,"133","3","426507","306","7","11","663","0","42.2586466165414","16","0","1496",NA,NA,"18"
"135","PRINGSEWU","1810","0.0843639647871919","72445127345",NA,NA,NA,NA,NA,NA,NA,NA,NA,NA,NA,NA,NA,NA,NA,"18"
"136","MESUJI","1811","0.0704500121024344","43400284428",NA,NA,NA,NA,NA,NA,NA,NA,NA,NA,NA,NA,NA,NA,NA,"18"
"137","TULANG BAWANG BARAT","1812","0.0591406518563859","35868200161",NA,NA,NA,NA,NA,NA,NA,NA,NA,NA,NA,NA,NA,NA,NA,"18"
"138","PESISIR BARAT","1813","0.0376413215750523","12179606480",NA,NA,NA,NA,NA,NA,NA,NA,NA,NA,NA,NA,NA,NA,NA,"18"
"139","BANDUNG","3204","0.120189326364991","435719289731",NA,"275","156","2848077","1404","189","121","4886","5","26.88","115","2","8603","BANDUNG","0.0923711742268972","32"
"140","BEKASI","3216","0.0950974685460626","341710639440","0.210526315789474","187","65","2117000","697","132","89","1376","9","31.316577540107","49","0","2926","BEKASI","0.0646192942095572","32"
"141","BOGOR","3201","0.147140391157262","724124868000","0.222222222222222","428","200","4219324","1564","325","222","4388","14","37.1308411214953","24","3","11449","BOGOR","0.105886514276498","32"
"142","CIAMIS","3207","0.123077699046807","192736251955",NA,"347","48","1531423","1082","60","34","3137","0","46.678386167147","99","1","9555","CIAMIS","0.111413219726341","32"
"143","CIANJUR","3203","0.120309237048694","304598947764",NA,"348","45","2140339","1286","84","48","5133","5","55.401724137931","0","0","8819","CIANJUR","0.0844425560037945","32"
"144","CIREBON","3209","0.162046252643179","424334252742",NA,"424","217","2151290","944","124","68","798","4","25.4349056603774","133","5","4912","CIREBON","0.152313162125258","32"
"145","GARUT","3205","0.118401783329424","340051897850","0.230769230769231","424","96","2345837","1527","105","50","4884","2","36.4582547169811","89","3","10942","GARUT","0.118436997805383","32"
"146","INDRAMAYU","3212","0.129188123465564","299898160000","0.3","313","64","1734227","885","106","48","780","11","28.1990415335463","49","1","1765","INDRAMAYU","0.0913160091516634","32"
"147","KARAWANG","3215","0.141569986001152","471489929364","0.2","309","68","1959206","1023","123","63","1669","6","26.3297734627832","41","5","3295","KARAWANG","0.0940531712921196","32"
"148","KUNINGAN","3208","0.118129018323247","172219929818","0","376","74","1088104","711","81","38","792","5","19.4601063829787","128","0","2691","KUNINGAN","0.0893683470863256","32"
"149","MAJALENGKA","3210","0.125731092119975","256616607574","0.0909090909090909","334","80","1235850","850","66","36","1001","2","25.0568862275449","176","7","2234","MAJALENGKA","0.101723622071056","32"
"150","PURWAKARTA","3214","0.0955894124350075","158550011116","0.266666666666667","192","50","805106","455","46","29","1016","8","17.925","17","1","2628","PURWAKARTA","0.0855938220134668","32"
"151","SUBANG","3213","0.106917467430202","181737389087.82",NA,"253","34","1419776","920","121","45","1722","8","28.8806324110672","162","5","4299","SUBANG","0.0982316340032271","32"
"152","SUKABUMI","3202","0.159692761682263","365785879187","0.2","367","66","2289700","1222","77","42","5564","6","62.3095367847411","0","1","16340","SUKABUMI","0.121657207009179","32"
"153","SUMEDANG","3211","0.127552434683212","243862246452.09","0.333333333333333","277","52","1054045","607","51","47","2184","3","22.9527075812274","183","2","4703","SUMEDANG","0.0996656363903274","32"
"154","TASIKMALAYA","3206","0.0677431215699642","114612804117","0.333333333333333","351","34","1659025","1110","52","18","3737","0","37.6458689458689","168","3","9374","TASIKMALAYA","0.0442018804383083","32"
"155","KOTA BANDUNG","3273","0.07272987803468","382205877395","0.1875","151","150","2043830","670","790","452","2447","24","6.52119205298013","0","1","9548","KOTA BANDUNG","0.0694239825764515","32"
"156","KOTA BEKASI","3275","0.104602476666938","392178689419","0.166666666666667","56","52","1801740","446","407","229","852","9","10.7928571428571","1","0","2400","KOTA BEKASI","0.0813919177926789","32"
"157","KOTA BOGOR","3271","0.0647758136421277","110080673141","0.166666666666667","68","67","850868","248","179","99","715","6","4.95294117647059","0","0","4126","KOTA BOGOR","0.055805708450265","32"
"158","KOTA CIREBON","3274","0.228162087778528","240853020075",NA,"22","22","284760","142","74","32","215","7","4.16818181818182","1","0","951","KOTA CIREBON","0.182018930602529","32"
"159","KOTA DEPOK","3276","0.0913239693679576","191589917902",NA,"63","61","1235849","288","196","139","722","5","9.75079365079365","0","0","2132","KOTA DEPOK","0.0660476443088846","32"
"160","KOTA SUKABUMI","3272","0.270852323530298","250260796278","0","33","31","280514","112","41","30","382","2","4.00424242424242","0","0","1984","KOTA SUKABUMI","0.161996668522053","32"
"161","KOTA TASIKMALAYA","3278","0.171648062467835","183993392194.5",NA,"69","50","583812","257","86","28","940","6","6.3695652173913","35","1","2715","KOTA TASIKMALAYA","0.137005514503385","32"
"162","KOTA CIMAHI","3277","0.137342338123215","161279516414","0.357142857142857","15","15","480206","150","202","148","435","0","4.12666666666667","0","0","1334","KOTA CIMAHI","0.119973014811337","32"
"163","KOTA BANJAR","3279","0.173329845337656","91570132353.47",NA,"24","9","177185","101","23","7","301","0","7.20833333333333","0","0","1073","KOTA BANJAR","0.125494213369539","32"
"164","BANDUNG BARAT","3217","0.0869898844367164","144609793815",NA,"165","53","1399947","728","107","44","2943","7","27.4327272727273","38","3","5083","BANDUNG BARAT","0.0426822288121018","32"
"165","PANGANDARAN","3218","0.0982814173288678","46925373504",NA,NA,NA,NA,NA,NA,NA,NA,NA,NA,NA,NA,NA,NA,NA,"32"
"166","BANJARNEGARA","3304","0.100261032490857","145250282000","0.260869565217391","278","33","912500","652","51","47","1407","1","22.9154676258993","47","0","9490","BANJARNEGARA","0.103887073349524","33"
"167","BANYUMAS","3302","0.14257883079147","336540080180","0.272727272727273","331","126","1630497","832","216","114","1762","8","20.5247734138973","178","2","10954","BANYUMAS","0.10882264335095","33"
"168","BATANG","3325","0.127143313071094","144295127511","0.2","248","59","743359","476","40","29","743","3","25.3770161290323","0","1","7057","BATANG","0.107279296270222","33"
"169","BLORA","3316","0.120398555697734","191271631000","0.1","295","36","904637","638","61","22","891","5","24.3538983050847","119","6","9041","BLORA","0.082412193773424","33"
"170","BOYOLALI","3309","0.131209949272001","213124439400","0.3","267","54","961551","598","86","54","2206","2","25.0805243445693","149","2","8536","BOYOLALI","0.107662157595017","33"
"171","BREBES","3329","0.112080087894559","218186385000",NA,"297","83","1893503","902","88","37","1134","4","38.649494949495","149","1","8954","BREBES","0.0911672080011231","33"
"172","CILACAP","3301","0.106640275750962","229098837900",NA,"284","49","1777539","1010","89","46","1749","4","52.0306338028169","2","1","7549","CILACAP","0.0811999154821165","33"
"173","GROBOGAN","3315","0.134625165638006","219410460818","0.35","280","24","1405570","855","62","35","1353","3","26.2207142857143","201","1","9617","GROBOGAN","0.084277678537032","33"
"174","JEPARA","3320","0.114491082834164","178562163000","0.1","194","86","1051136","604","92","54","896","3","21.539175257732","141","0","6958","JEPARA","0.11822780357108","33"
"175","KARANGANYAR","3313","0.0957574386547769","158711598000","0.25","177","57","854757","488","137","76","2101","1","18.5847457627119","98","1","6388","KARANGANYAR","0.0805926248893815","33"
"176","KEBUMEN","3305","0.135803366527637","240960343000","0.5","460","80","1293962","821","84","38","1360","0","20.3245652173913","215","1","10269","KEBUMEN","0.0933580410528772","33"
"177","KENDAL","3324","0.118148617752553","180360120000",NA,"285","94","929096","570","63","45","864","1","20.9252631578947","142","0","8765","KENDAL","0.106631348867632","33"
"178","KLATEN","3310","0.0918110745166647","170013974000","0.25","401","240","1304524","763","171","103","2595","0","13.6032418952618","213","1","12751","KLATEN","0.0665466013731605","33"
"179","KUDUS","3319","0.111459140847453","186983386000","0.173913043478261","132","84","753901","467","133","86","596","2","8.4","99","0","4231","KUDUS","0.160690121520572","33"
"180","MAGELANG","3308","0.0823636244468793","150292465566","0.1","372","48","1188962","596","84","48","2672","0","21.9435483870968","238","1","11240","MAGELANG","0.10015291207201","33"
"181","PATI","3318","0.129261140383535","241358204000","0.1","406","91","1260774","689","98","65","1066","9","19.2445812807882","166","2","9837","PATI","0.115155131787328","33"
"182","PEKALONGAN","3326","0.169748955852228","221554093200","0.111111111111111","283","99","914359","521","59","41","693","11","18.2091872791519","63","1","8138","PEKALONGAN","0.139131223731371","33"
"183","PEMALANG","3327","0.101202065494949","155253775000","0.272727272727273","222","86","1370879","778","83","51","802","9","25.768018018018","111","0","7241","PEMALANG","0.105921317070891","33"
"184","PURBALINGGA","3303","0.137589806065782","176433219000",NA,"239","55","923559","472","72","26","987","0","13.7326359832636","0","0","7005","PURBALINGGA","0.123582089702489","33"
"185","PURWOREJO","3306","0.111840229298199","161770993220","0.173913043478261","494","68","776010","535","61","43","1103","0","17.952024291498","133","1","7021","PURWOREJO","0.104592843051189","33"
"186","REMBANG","3317","0.124274161006548","165636539000",NA,"294","49","602712","374","43","21","531","5","22.25","141","1","7332","REMBANG","0.136811149398164","33"
"187","SEMARANG","3322","0.181053740157849","226552796000","0.2","235","52","911086","519","72","45","1591","8","30.7323404255319","183","1","8040","SEMARANG","0.123113739575988","33"
"188","SRAGEN","3314","0.13271361645244","208771856000",NA,"208","43","901787","584","91","68","1721","0","18.3557692307692","134","1","7290","SRAGEN","0.0919784336467098","33"
"189","SUKOHARJO","3311","0.114396451049029","167812300000","0","167","98","852316","474","171","91","1601","3","13.5341317365269","156","1","6153","SUKOHARJO","0.0913337241023258","33"
"190","TEGAL","3328","0.145074530075491","255889148000",NA,"287","136","1539859","765","81","46","911","5","17.1609756097561","134","0","9241","TEGAL","0.0879424359993672","33"
"191","TEMANGGUNG","3323","0.106919804244121","126305290925",NA,"289","52","742400","431","55","29","1419","0","16.8650519031142","129","0","9238","TEMANGGUNG","0.0945702300967649","33"
"192","WONOGIRI","3312","0.116399365418635","187056772100","0.1","294","36","1139978","795","94","38","2233","0","35.562925170068","144","0","10129","WONOGIRI","0.0905732328445732","33"
"193","WONOSOBO","3307","0.112817007082022","152476415231",NA,"265","30","784741","490","49","22","1426","2","18.382641509434","3","0","7694","WONOSOBO","0.0986892185404967","33"
"194","KOTA MAGELANG","3371","0.192055847304202","132625610000",NA,"17","17","122309","67","123","51","123","0","2.10588235294118","0","0","889","KOTA MAGELANG","0.115489588240598","33"
"195","KOTA PEKALONGAN","3375","0.150616631225622","108841886000","0.352941176470588","47","46","277610","104","83","28","114","5","4.02553191489362","0","2","1098","KOTA PEKALONGAN","0.111283779711735","33"
"196","KOTA SALATIGA","3373","0.165880558427265","127348236000","0.307692307692308","22","19","166226","77","49","38","183","7","3.05","1","1","1156","KOTA SALATIGA","0.0454655343840669","33"
"197","KOTA SEMARANG","3374","0.0917753285269251","265467690302",NA,"177","152","1464982","453","511","262","1109","19","9.19322033898305","0","0","6273","KOTA SEMARANG","0.0783560986944082","33"
"198","KOTA SURAKARTA","3372","0.0806544255011082","122145633000","0.181818181818182","51","51","566466","203","254","148","530","13","2.27647058823529","0","0","2327","KOTA SURAKARTA","0.0695361080182806","33"
"199","KOTA TEGAL","3376","0.252094654450886","178611027000","0.666666666666667","27","27","245605","130","50","20","158","4","3.64074074074074","1","0","1016","KOTA TEGAL","0.172042184673413","33"
"200","GUNUNG KIDUL","3403","0.0983720876170571","132346921823","0.0833333333333333","144","5","745605","455","42","20","1710","1","19.0736111111111","24","0","6553","GUNUNG KIDUL","0.102050361347308","34"
"201","KULON PROGO","3401","0.125853677529218","131586928716","0.222222222222222","88","13","462172","302","27","25","1024","1","14.575","13","0","4448","KULON PROGO","0.124411358477321","34"
"202","SLEMAN","3404","0.141458871593764","279901079933","0.222222222222222","86","59","935382","405","468","259","1926","5","13.5593023255814","22","0","5898","SLEMAN","0.0950188588046844","34"
"203","KOTA YOGYAKARTA","3471","0.130597640512657","185722034320","0.285714285714286","45","45","503268","125","183","108","426","10","3.18666666666667","0","0","2848","KOTA YOGYAKARTA","0.0849438516986613","34"
"204","BANGKALAN","3526","0.176042669620913","278151403133",NA,"281","38","962183","661","42","29","970","0","27.2818505338078","196","0","2510","BANGKALAN","0.084215779383285","35"
"205","BANYUWANGI","3510","0.107947193650696","239917868339","0.111111111111111","217","69","1579561","817","148","65","1708","6","29.2129032258064","126","0","9393","BANYUWANGI","0.0727934387559989","35"
"206","BLITAR","3505","0.0850865007152372","152727522243",NA,"248","53","1221292","737","69","36","1089","1","21.9875","200","6","8290","BLITAR","0.0809208762072147","35"
"207","BOJONEGORO","3522","0.131569025460036","318185730652","0.333333333333333","430","58","1290768","814","88","49","1225","1","28.4283720930233","319","1","12231","BOJONEGORO","0.105221170669074","35"
"208","BONDOWOSO","3511","0.0936595860701439","130203865900",NA,"219","34","752036","526","46","26","1042","2","16.3794520547945","155","1","5169","BONDOWOSO","0.108774159893629","35"
"209","GRESIK","3525","0.13814619198844","305323437869",NA,"356","139","1133799","445","125","87","1026","0","34.4474719101124","230","4","15017","GRESIK","0.126151388568002","35"
"210","JEMBER","3509","0.157564985518047","434932446269","0.166666666666667","247","34","2233167","982","123","71","2444","4","25.3461538461538","119","4","9763","JEMBER","0.111393231284387","35"
"211","JOMBANG","3517","0.141973193405233","258654177510","0.0625","306","144","1216907","564","117","66","1166","0","15.6882352941176","224","3","13115","JOMBANG","0.134310166216899","35"
"212","KEDIRI","3506","0.152719640114794","305872488462.6","0.571428571428571","344","105","1486139","648","104","45","1608","8","19.4630813953488","229","2","12534","KEDIRI","0.0844736842736815","35"
"213","LAMONGAN","3524","0.116459094988829","199860557525",NA,"474","51","1324553","652","93","41","1753","3","26.1299578059072","364","2","19777","LAMONGAN","0.104641980873794","35"
"214","LUMAJANG","3508","0.115506213467846","180375460375","0.117647058823529","205","28","1061354","560","69","37","907","0","18.6756097560976","103","3","6359","LUMAJANG","0.105199228121801","35"
"215","MADIUN","3519","0.128253633170019","167897838732",NA,"206","39","724979","459","51","29","875","0","18.4368932038835","143","6","6771","MADIUN","0.0905052510743767","35"
"216","MAGETAN","3520","0.115010873179282","161417360818","0","235","72","699027","503","68","36","966","0","13.6595744680851","149","0","7657","MAGETAN","0.115452265615644","35"
"217","MALANG","3507","0.0831995791752241","235825563044","0.266666666666667","390","117","2427929","1131","124","83","2084","4","30.9215384615385","325","8","14761","MALANG","0.0654044017159455","35"
"218","MOJOKERTO","3516","0.124779771119434","219903590093","0.176470588235294","304","102","1012495","493","82","52","1021","5","18.5463815789474","246","2","11305","MOJOKERTO","0.0805016024144605","35"
"219","NGANJUK","3518","0.160003939210684","260057068754","0.2","284","86","1087546","667","91","40","1161","4","17.3496478873239","208","0","9241","NGANJUK","0.121692629521956","35"
"220","PACITAN","3501","0.10002651423157","111104238979","0.2","171","19","575523","432","29","17","1464","1","26.5163742690058","99","0","5361","PACITAN","0.0923705710542125","35"
"221","PASURUAN","3514","0.114743887027841","251360492636.56","0.142857142857143","365","106","1434727","713","69","48","1499","2","21.9441095890411","270","0","11556","PASURUAN","0.122803384389469","35"
"222","PONOROGO","3502","0.127497554419368","209943529610","0.111111111111111","305","66","950487","611","72","43","1465","1","15.8232786885246","233","5","12202","PONOROGO","0.169439573306172","35"
"223","PROBOLINGGO","3513","0.114973069734856","182602906764","0.142857142857143","330","75","1075762","611","41","21","1315","2","28.5139393939394","218","2","8440","PROBOLINGGO","0.0831144434478685","35"
"224","SAMPANG","3527","0.113412062512193","137354915743",NA,"186","12","834398","563","22","10","1076","1","26.1494623655914","160","1","2815","SAMPANG","0.0955662151829231","35"
"225","SITUBONDO","3512","0.120097242816352","165892481280","0.428571428571429","136","33","633744","451","31","15","668","1","27.0183823529412","67","2","4481","SITUBONDO","0.0702693565866293","35"
"226","SUMENEP","3529","0.116814203873716","196659239562",NA,"332","35","1058826","664","38","30","1573","1","48.3936746987952","242","1","9990","SUMENEP","0.0903970919718665","35"
"227","TRENGGALEK","3503","0.124754154476976","148370476065",NA,"157","28","710950","437","43","25","1299","0","23.6617834394904","105","1","5578","TRENGGALEK","0.0740868689160471","35"
"228","TUBAN","3523","0.10160701961125","171944072872","0.111111111111111","328","45","1140513","613","56","26","803","5","32.6798780487805","281","4","12060","TUBAN","0.0775362125469004","35"
"229","TULUNGAGUNG","3504","0.126215223839556","199934632800",NA,"271","91","1033723","648","81","44","1144","19","15.3992619926199","192","3","9114","TULUNGAGUNG","0.104084193783512","35"
"230","KOTA BLITAR","3572","0.147829697354537","89115937512",NA,"21","21","135464","52","36","21","99","4","2.59047619047619","0","0","938","KOTA BLITAR","0.11350216050429","35"
"231","KOTA KEDIRI","3571","0.194405754060504","224310454367","0.166666666666667","46","46","248744","131","78","38","186","8","3.1304347826087","1","2","1928","KOTA KEDIRI","0.143017890271905","35"
"232","KOTA MADIUN","3577","0.135533443772521","112635698000",NA,"27","27","185605","59","92","30","184","10","3.03703703703704","0","0","1261","KOTA MADIUN","0.0700538604613078","35"
"233","KOTA MOJOKERTO","3576","0.184998110353254","119899937600",NA,"18","18","114804","54","33","22","65","3","1.98333333333333","0","0","1046","KOTA MOJOKERTO","0.217042349060851","35"
"234","KOTA PASURUAN","3575","0.127753095642188","89778294226",NA,"34","32","172678","49","43","31","97","1","2.68235294117647","0","0","1050","KOTA PASURUAN","0.119617632863088","35"
"235","KOTA PROBOLINGGO","3574","0.13646638950617","106886900815",NA,"29","16","215825","112","39","23","123","2","4.37241379310345","0","0","1052","KOTA PROBOLINGGO","0.0955024159141733","35"
"236","KOTA SURABAYA","3578","0.107966159246039","716483569337","0.409090909090909","163","163","2838002","562","1253","759","1091","35","9.10552147239264","3","3","11222","KOTA SURABAYA","0.0534076182544137","35"
"237","KOTA BATU","3579","0.034460840841802","26244395033",NA,"24","12","178967","67","34","21","157","2","5.83333333333333","17","1","1652","KOTA BATU","0.0490156852023882","35"
"238","BENGKAYANG","6102","0.092435126590923","77315624327","0.230769230769231","124","2","219963","228","18","18","123","0","65.5354838709677","76","3","1019","BENGKAYANG","0.093834871416202","61"
"239","LANDAK","6103","0.0864236802243689","80842766976",NA,"156","4","336742","401","13","8","86","3","77.9666666666667","116","4","1154","LANDAK","0.0806418506763951","61"
"240","KAPUAS HULU","6108","0.0783710068378822","86128613650","0.0833333333333333","214","3","229883","387","27","16","210","2","139.979439252336","120","6","985","KAPUAS HULU","0.0808377612460875","61"
"241","KETAPANG","6106","0.0868017460040354","123645209722.01",NA,"221","14","422497","430","35","24","282","3","181.418552036199","104","2","2631","KETAPANG","0.0858387894252114","61"
"242","PONTIANAK",NA,"0.109057148999315","72458159481","NaN",NA,NA,NA,NA,NA,NA,NA,NA,NA,NA,NA,NA,NA,NA,NA
"243","SAMBAS","6101","0.0942474795668934","117966673019","0.166666666666667","184","16","535164","385","30","13","581","8","40.6826086956522","161","2","1870","SAMBAS","0.105646929985037","61"
"244","SANGGAU","6105","0.0998157638505853","111800222996","0.210526315789474","166","10","386245","475","34","6","241","4","74.9969879518072","139","1","1927","SANGGAU","0.11532343316441","61"
"245","SINTANG","6107","0.128173566044929","143111801060","0.25","210","4","363287","346","35","14","193","1","103.027142857143","161","5","2426","SINTANG","0.125133331706348","61"
"246","KOTA PONTIANAK","6171","0.114624484409072","167912876683","0.222222222222222","29","29","532227","156","73","33","230","6","4.85172413793103","1","0","1267","KOTA PONTIANAK","0.0616081276083688","61"
"247","KOTA SINGKAWANG","6172","0.135556124777926","103590387593",NA,"26","10","196992","81","20","7","99","6","8.96153846153846","20","0","748","KOTA SINGKAWANG","0.11320999802656","61"
"248","SEKADAU","6109","0.0936192753316312","55483376139",NA,"76","2","180291","188","9","7","122","3","59.4302631578947","60","4","892","SEKADAU","0.100087104431353","61"
"249","MELAWI","6110","0.0683976233274541","60339276788.08",NA,"169","2","188224","188","15","2","168","0","66.3431952662722","73","2","1215","MELAWI","0.141360284191011","61"
"250","KAYONG UTARA","6111","0.0596618569932606","32495888341",NA,"43","2","99222","86","1","4","109","0","68.7023255813953","30","1","498","KAYONG UTARA","0.0260237412897127","61"
"251","BARITO SELATAN","6204","0.11424023360066","94177653225.2",NA,"95","3","125407","165","16","3","89","4","65.6252631578947","32","1","910","BARITO SELATAN","0","62"
"252","BARITO UTARA","6205","0.102703334662617","81083925068",NA,"103","3","121073","177","13","10","101","4","66.5417475728155","47","0","989","BARITO UTARA","0.0805180039840991","62"
"253","KAPUAS","6203","0.0776357608727218","100055779000","0.117647058823529","186","7","345453","381","14","25","305","4","128.316666666667","84","1","2626","KAPUAS","0.104199869764959","62"
"254","KOTAWARINGIN BARAT","6201","0.145223229324336","149640672500",NA,"85","12","209382","165","20","14","201","3","56.7411764705882","56","0","1576","KOTAWARINGIN BARAT","0.112945082142345","62"
"255","KOTAWARINGIN TIMUR","6202","0.138609629445426","171295119475",NA,"161","8","334564","308","35","24","303","6","107.122360248447","94","3","1654","KOTAWARINGIN TIMUR","0.12254238622072","62"
"256","KOTA PALANGKA RAYA","6271","0.0541410748247022","54808655359.22",NA,"30","17","166547","121","39","25","73","7","32.3033333333333","16","0","579","KOTA PALANGKA RAYA","0.0578667665583356","62"
"257","KATINGAN","6209","0.0702782686623259","78336528716","0.25","161","5","139885","193","10","11","106","3","185.767701863354","51","1","1093","KATINGAN","0.0809591679181133","62"
"258","SERUYAN","6208","0.0794723308881922","69067375600.25",NA,"101","2","134504","132","9","12","94","0","354.253465346535","31","2","603","SERUYAN","0.0630040270500698","62"
"259","SUKAMARA","6206","0.087374793017387","51193890808.32",NA,"32","1","41962","46","10","4","41","2","72.046875","5","0","414","SUKAMARA","0.0713354686230289","62"
"260","LAMANDAU","6207","0.10384494691738","62385626303",NA,"83","1","61292","95","12","9","39","1","70.855421686747","30","0","598","LAMANDAU","0.0727058738499675","62"
"261","GUNUNG MAS","6211","0.0940832694138473","70437759500","0.333333333333333","125","4","94227","158","10","16","24","3","74.8704","20","0","1227","GUNUNG MAS","0.0511892845532196","62"
"262","MURUNG RAYA","6213","0.0765983606634125","68789384436.33",NA,"124","1","93125","150","20","9","66","1","108.254032258065","18","1","596","MURUNG RAYA","0.0653034769811059","62"
"263","BARITO TIMUR","6212","0.0810173574182996","58897314565",NA,"68","2","87987","139","7","6","63","4","34.0823529411765","57","0","762","BARITO TIMUR","0.0779904289356182","62"
"264","BANJAR","6303","0.1337777529351","163941031978",NA,"288","23","479503","356","29","11","343","0","32.4427083333333","53","4","2114","BANJAR","0.131727452059511","63"
"265","BARITO KUALA","6304","0.0881226372448363","78524186282",NA,"200","10","278462","273","11","13","235","0","43.1055","159","6","1676","BARITO KUALA","0.0953615814406572","63"
"266","HULU SUNGAI SELATAN","6306","0.145001176513013","129981162783","0.375","148","19","208727","262","19","17","119","0","18.0108108108108","75","1","641","HULU SUNGAI SELATAN","0.150250848323242","63"
"267","HULU SUNGAI TENGAH","6307","0.12330779324812","135271158764","0.1","169","12","241959","280","21","11","254","0","16.3284023668639","78","3","437","HULU SUNGAI TENGAH","0.128547581548452","63"
"268","HULU SUNGAI UTARA","6308","0.12520152311333","108080216330",NA,"219","27","213127","208","13","17","119","0","12.2598173515982","57","1","2185","HULU SUNGAI UTARA","0.117779611350524","63"
"269","KOTA BARU","6302","0.0752734798279551","114806829950",NA,"197","12","275293","222","31","21","313","0","104.782233502538","48","3","1811","KOTA BARU","0.157778458139404","63"
"270","TABALONG","6309","0.111992884300917","145019358757",NA,"131","11","193641","237","24","21","212","2","28.336641221374","92","1","882","TABALONG","0.0902769302228444","63"
"271","TANAH LAUT","6301","0.111922604540944","147740308994",NA,"134","5","271186","233","32","17","263","0","30.7358208955224","52","0","2084","TANAH LAUT","0.122778110904246","63"
"272","TAPIN","6305","0.0752855409986817","82352972575","0.111111111111111","131","7","155812","179","13","12","126","0","18.4167938931298","20","0","929","TAPIN","0.0791282675358883","63"
"273","KOTA BANJAR BARU","6372","0.0474969046306029","43771665736",NA,"20","18","149699","63","25","20","66","0","7.6","4","0","248","KOTA BANJAR BARU","0.0990146411838134","63"
"274","KOTA BANJARMASIN","6371","0.0741459379366357","111647360711","0.238095238095238","50","49","605376","232","73","30","158","11","4.036","5","2","866","KOTA BANJARMASIN","0.0866800616336867","63"
"275","BALANGAN","6311","0.0880880330277549","70334458315","0","152","1","106800","164","8","4","127","0","18.9572368421053","70","1","340","BALANGAN","0.0823280184478073","63"
"276","TANAH BUMBU","6310","0.0913941749053037","144236279810",NA,"135","16","234801","167","23","21","228","5","48.6740740740741","30","1","1392","TANAH BUMBU","0.0688252160738564","63"
"277","BERAU","6405","0.0745401347177184","212201281000",NA,"109","10","156693","146","31","29","185","12","118.085321100917","14","3","1059","BERAU","0.058207586763745","64"
"278","BULUNGAN","6502","0.0764434044240726","178899155718",NA,NA,NA,NA,NA,NA,NA,NA,NA,NA,NA,NA,NA,"BULUNGAN","0.0535875316982291","65"
"279","KUTAI",NA,"0.0757597996802681","601925180864.24","NaN",NA,NA,NA,NA,NA,NA,NA,NA,NA,NA,NA,NA,NA,NA,NA
"280","KUTAI BARAT","6402","0.0627152088931674","150360915226",NA,"223","6","171998","224","22","15","103","4","123.04798206278","7","2","2086","KUTAI BARAT","0.040782617832029","64"
"281","KUTAI TIMUR","6404","0.0452513277860113","1.4883e+11",NA,"135","11","242673","147","35","21","278","15","208.418518518519","12","3","1077","KUTAI TIMUR","0.0278785873725025","64"
"282","NUNUKAN","6504","0.0759677029166251","143858673911.57",NA,NA,NA,NA,NA,NA,NA,NA,NA,NA,NA,NA,NA,"NUNUKAN","0.0509295973188379","65"
"283","PASIR",NA,"0.106246090913458","250589721360","NaN",NA,NA,NA,NA,NA,NA,NA,NA,NA,NA,NA,NA,NA,NA,NA
"284","KOTA BONTANG","6474","0.108834024115103","207236103793","0.1","15","14","139963","27","26","25","94","5","6.13333333333333","0","0","725","KOTA BONTANG","0.0748802900565629","64"
"285","KOTA TARAKAN","6571","0.103717798722011","204272204583",NA,NA,NA,NA,NA,NA,NA,NA,NA,NA,NA,NA,NA,"KOTA TARAKAN","0.0368886058956604","65"
"286","PENAJAM PASER UTARA","6409","0.11192377178881","200911956377",NA,"47","5","135098","102","14","13","170","0","43.2148936170213","18","0","875","PENAJAM PASER UTARA","0.0496282372420896","64"
"287","TANA TIDUNG","6503","0.0378439955388258","48764432162",NA,NA,NA,NA,NA,NA,NA,NA,NA,NA,NA,NA,NA,NA,NA,"65"
"288","MAHAKAM ULU",NA,"0.0644310937039762","32411289162","NaN",NA,NA,NA,NA,NA,NA,NA,NA,NA,NA,NA,NA,NA,NA,NA
"289","BOLAANG MONGONDOW","7101","0.102385556288786","70898319926.4",NA,"261","3","337568","320","16","12","298","2","59.8455938697318","75","2","2345","BOLAANG MONGONDOW","0.114102293145632","71"
"290","SANGIHE TALAUD",NA,"0.129140095018133","90303248847","NaN",NA,NA,NA,NA,NA,NA,NA,NA,NA,NA,NA,NA,NA,NA,NA
"291","KOTA BITUNG","7172","0.0958726119009463","67025336879","0.315789473684211","69","36","173743","45","36","26","70","9","11.6449275362319","8","2","606","KOTA BITUNG","0.0955726329973101","71"
"292","KOTA MANADO","7171","0.0602271847537563","82578986900","0.291666666666667","87","75","413675","146","324","255","165","17","5.92873563218391","2","1","1080","KOTA MANADO","0.0514259087536204","71"
"293","KEPULAUAN TALAUD","7104","0.114837335094255","70695066772",NA,"153","0","85860","64","12","21","7","4","51.1045751633987","20","0","1993","KEPULAUAN TALAUD","0.0939179459487477","71"
"294","MINAHASA SELATAN","7105","0.0732813729343511","53210142025",NA,"151","15","202066","120","21","23","27","1","34.4278145695364","23","2","1941","MINAHASA SELATAN","0.0919682345198966","71"
"295","KOTA TOMOHON","7173","0.0725022191826335","35430893501",NA,"35","17","86570","21","34","31","3","2","5.18285714285714","1","2","526","KOTA TOMOHON","0.0807567381958804","71"
"296","MINAHASA UTARA","7106","0.0862411075917974","56759744888","0.25","118","15","184250","102","57","57","50","0","26.9733050847458","35","1","1475","MINAHASA UTARA","0.0910737987917919","71"
"297","KOTA KOTAMOBAGU","7174","0.111615945595927","54507116260",NA,"32","10","97988","63","30","20","84","2","2.871875","12","0","334","KOTA KOTAMOBAGU","0.04663872098195","71"
"298","BOLAANG MONGONDOW UTARA","7107","0.0945081588057981","41542371126.5",NA,"77","0","68430","84","4","7","85","0","27.4415584415584","29","1","504","BOLAANG MONGONDOW UTARA","0.0406094217097093","71"
"299","KEPULAUAN SIAU TAGULANDANG BIARO",NA,"0.113590800218214","56569783591","NaN",NA,NA,NA,NA,NA,NA,NA,NA,NA,NA,NA,NA,NA,NA,NA
"300","MINAHASA TENGGARA","7109","0.0609692729847772","33548906449",NA,"76","0","102667","57","13","10","28","0","19.6710526315789","7","0","746","MINAHASA TENGGARA","0.0626969850490287","71"
"301","BOLAANG MONGONDOW TIMUR","7111","0.0852436710072624","33342010744.99",NA,NA,NA,NA,NA,NA,NA,NA,NA,NA,NA,NA,NA,NA,NA,"71"
"302","BOLAANG MONGONDOW SELATAN","7110","0.0835581646242165","32159199504",NA,NA,NA,NA,NA,NA,NA,NA,NA,NA,NA,NA,NA,NA,NA,"71"
"303","BANGGAI","7202","0.0952323152798495","107992225761",NA,"257","16","312820","327","30","22","399","3","88.3163424124514","140","2","2316","BANGGAI","0.122682784434852","72"
"304","BANGGAI KEPULAUAN","7201","0.0676640451687114","33406351500","0.222222222222222","193","4","169123","224","16","14","195","0","50.4766839378238","54","0","1595","BANGGAI KEPULAUAN","0.0941970805299197","72"
"305","BUOL","7207","0.101646442312984","61766971074.5",NA,"108","2","127810","153","14","13","183","1","36.3925925925926","30","1","1216","BUOL","0.0771973830974009","72"
"306","TOLI-TOLI","7206","0.105423554347307","77288762021","0.25","83","4","209758","219","13","9","301","1","66.2289156626506","57","1","1019","TOLI-TOLI","0.094809451819175","72"
"307","DONGGALA","7205","0.085782976082751","72507251000",NA,"306","10","508908","489","18","18","630","1","95.521568627451","96","3","2700","DONGGALA","0.0974493762234476","72"
"308","MOROWALI","7203","0.0790496138830542","44042781734",NA,"240","7","192192","233","20","11","268","1","103.892916666667","51","2","2637","MOROWALI","0.0858732686491201","72"
"309","POSO","7204","0.0787015731294278","74133667755",NA,"156","12","194284","186","23","17","141","0","78.9615384615385","42","4","2087","POSO","0.098252178048632","72"
"310","KOTA PALU","7271","0.157873575450128","171945528861","0.111111111111111","43","32","287539","136","76","68","277","9","8.34418604651163","16","1","476","KOTA PALU","0.111458102927061","72"
"311","PARIGI MOUTONG","7208","0.128220875730729","123376998515.41",NA,"179","6","377673","354","24","15","502","0","130.125139664804","90","2","1785","PARIGI MOUTONG","0.0770509211632153","72"
"312","TOJO UNA UNA",NA,"0.121308707426251","82938656517","NaN",NA,NA,NA,NA,NA,NA,NA,NA,NA,NA,NA,NA,NA,NA,NA
"313","SIGI","7210","0.0755399865770752","55570698600",NA,NA,NA,NA,NA,NA,NA,NA,NA,NA,NA,NA,NA,NA,NA,"72"
"314","MOROWALI UTARA","7212","0.121293961930279","61090259654",NA,NA,NA,NA,NA,NA,NA,NA,NA,NA,NA,NA,NA,NA,NA,"72"
"315","BANTAENG","7303","0.0877645432389926","53843819424",NA,"67","10","176632","128","9","6","325","0","12.3731343283582","13","1","819","BANTAENG","0.0939124987378215","73"
"316","BARRU","7310","0.0932633447013478","66133829765",NA,"54","9","166459","201","8","18","250","0","22.3148148148148","28","0","957","BARRU","0.08746942179991","73"
"317","BONE","7311","0.09644693681147","145370123313",NA,"372","19","705574","698","29","38","1117","2","46.5975806451613","76","4","3365","BONE","0.0712045224396866","73"
"318","BULUKUMBA","7302","0.0888894534753667","90775627746",NA,"126","12","409973","362","20","20","722","2","29.0119047619048","40","0","1684","BULUKUMBA","0.1058327779835","73"
"319","GOWA","7306","0.0915476819731365","113093772092","0.0666666666666667","167","25","597925","403","20","27","1046","4","38.789880239521","20","1","2306","GOWA","0.0917844599562256","73"
"320","JENEPONTO","7304","0.149238060694875","129884401378",NA,"113","5","345881","277","7","18","531","0","19.6734513274336","11","0","1215","JENEPONTO","0.0800957667470202","73"
"321","LUWU","7317","0.111341973547333","93796925295",NA,"227","3","368278","243","16","15","687","4","47.6881057268722","38","1","2013","LUWU","0.0765371803324887","73"
"322","LUWU  UTARA",NA,"0.1531557787339","124797233000","NaN",NA,NA,NA,NA,NA,NA,NA,NA,NA,NA,NA,NA,NA,NA,NA
"323","MAROS","7308","0.105131389987157","108978922260",NA,"103","10","303677","245","24","19","541","0","23.1582524271845","24","0","1198","MAROS","0.118697774816446","73"
"324","PANGKAJENE DAN KEPULAUAN","7309","0.115527286882707","119987345715",NA,"102","8","306395","306","15","16","411","2","65.1901960784314","40","3","1502","PANGKAJENE DAN KEPULAUAN","0.0950886922245466","73"
"325","PINRANG","7315","0.11433906155965","105251827845","0.1","104","9","340154","316","31","18","410","1","22.1701923076923","43","2","1055","PINRANG","0.104439596361017","73"
"326","SELAYAR",NA,"0.0901546078812109","63954203000","NaN",NA,NA,NA,NA,NA,NA,NA,NA,NA,NA,NA,NA,NA,NA,NA
"327","SIDENRENG RAPPANG","7314","0.117566962309694","95979812000",NA,"105","14","269261","224","12","22","348","3","22.232380952381","32","0","1137","SIDENRENG RAPPANG","0.104290521816032","73"
"328","SINJAI","7307","0.121891004495239","95646577081",NA,"80","6","233386","242","10","21","513","0","26.4725","16","0","1171","SINJAI","0.0976812662354501","73"
"329","TAKALAR","7305","0.133579338502518","107802693000",NA,"77","8","256587","241","6","9","400","0","14.1038961038961","17","0","865","TAKALAR","0.118029748120416","73"
"330","TANA TORAJA","7318","0.118306247624026","89408399773","0.333333333333333","310","23","466939","387","42","27","136","15","27.7241935483871","62","2","2390","TANA TORAJA","0.0927116647822312","73"
"331","WAJO","7313","0.0936322277789021","104286658422","0.285714285714286","176","24","379610","393","19","26","570","1","32.3897727272727","36","1","1630","WAJO","0.0875180899157109","73"
"332","KOTA PARE-PARE",NA,"0.171787557597898","111878270500","NaN",NA,NA,NA,NA,NA,NA,NA,NA,NA,NA,NA,NA,NA,NA,NA
"333","KOTA MAKASSAR","7371","0.0905028081027716","215552298700","0.333333333333333","143","137","1204200","344","466","299","825","16","6.01468531468531","0","0","1415","KOTA MAKASSAR","0.0678196082873515","73"
"334","KOTA PALOPO","7373","0.150259461647841","100609185868",NA,"48","21","134324","62","31","19","142","10","6.45","1","0","370","KOTA PALOPO","0.0937152227332895","73"
"335","LUWU TIMUR","7325","0.129776326926584","127249089475",NA,"101","11","236761","143","18","19","303","7","47.6148514851485","16","0","1279","LUWU TIMUR","0.119355458335733","73"
"336","TORAJA UTARA","7326","0.0613881929814219","42224683810",NA,NA,NA,NA,NA,NA,NA,NA,NA,NA,NA,NA,NA,NA,NA,"73"
"337","BUTON","7401","0.0579856514986344","58727382150",NA,"207","5","272780","263","15","13","306","0","86.8004830917874","43","1","1499","BUTON","0.088490020850123","74"
"338","KONAWE","7403","0.0880534081966119","72810119372",NA,"370","11","239324","304","20","16","420","14","54.23","25","0","2754","KONAWE","0.0798788419751757","74"
"339","KOLAKA","7404","0.105199613056253","84588438373",NA,"214","17","281103","293","22","25","453","9","58.6794392523365","32","2","1680","KOLAKA","0.0950327171936007","74"
"340","MUNA","7402","0.0967012273309708","103553490961",NA,"239","11","265076","300","13","15","295","5","39.2154811715481","19","3","1691","MUNA","0.122534524415128","74"
"341","KOTA KENDARI","7471","0.0821047240479726","98694364990",NA,"64","37","241072","116","41","25","284","14","9.9640625","11","0","813","KOTA KENDARI","0.0745556598132915","74"
"342","KOTA BAU-BAU",NA,"0.123187784136522","79687571191","NaN",NA,NA,NA,NA,NA,NA,NA,NA,NA,NA,NA,NA,NA,NA,NA
"343","KONAWE SELATAN","7405","0.0689402109908799","59697310352",NA,"367","1","261394","303","16","14","489","4","58.8070844686648","40","1","2488","KONAWE SELATAN","0.0777015335113139","74"
"344","BOMBANA","7406","0.0840880807344066","57162365972",NA,"139","6","121870","128","6","12","237","0","66.4820143884892","23","0","730","BOMBANA","0.0995345102736204","74"
"345","KONAWE UTARA","7410","0.101886302426108","72222387073",NA,"111","1","48777","80","5","4","111","0","45.4675675675676","3","0","594","KONAWE UTARA","0.0466141247600035","74"
"346","BUTON UTARA","7409","0.087766741894819","43650744452",NA,"59","0","53078","66","3","1","72","0","50.4576271186441","0","2","314","BUTON UTARA","0.0689024195116766","74"
"347","KOLAKA TIMUR","7411","0.0411292264347144","1.1972e+10",NA,NA,NA,NA,NA,NA,NA,NA,NA,NA,NA,NA,NA,NA,NA,"74"
"348","BADUNG","5103","0.0734308486827381","240094439500",NA,"62","26","446282","247","94","50","15","4","16.6451612903226","0","0","1953","BADUNG","0.0542482003137245","51"
"349","GIANYAR","5104","0.123038132210114","158149534162",NA,"70","33","428988","279","117","49","2","0","13.2857142857143","6","1","2331","GIANYAR","0.123406951092238","51"
"350","KARANGASEM",NA,"0.103136801808674","119200099937.89","NaN",NA,NA,NA,NA,NA,NA,NA,NA,NA,NA,NA,NA,NA,NA,NA
"351","KLUNGKUNG","5105","0.158604992617839","112620965393",NA,"59","25","175961","141","29","15","6","3","12.8966101694915","3","2","1815","KLUNGKUNG","0.125474551213609","51"
"352","KOTA DENPASAR","5171","0.135685348786398","210613710634",NA,"43","43","473649","191","391","164","31","12","4.27209302325581","1","1","1472","KOTA DENPASAR","0.129261784990087","51"
"353","BIMA","5206","0.118578045805045","139065137119.06",NA,"177","8","460568","402","22","15","415","0","53.8768361581921","71","1","1624","BIMA","0.0838395742478454","52"
"354","DOMPU","5205","0.106841960035725","82179911407",NA,"70","8","217528","209","16","4","277","0","34.7242857142857","46","0","1046","DOMPU","0.0842400614938656","52"
"355","LOMBOK  BARAT",NA,"0.0911144799458632","112613218601.13","NaN",NA,NA,NA,NA,NA,NA,NA,NA,NA,NA,NA,NA,NA,NA,NA
"356","LOMBOK TIMUR","5203","0.0996172072357925","161557928863",NA,"119","44","1177608","659","48","30","1281","2","17.272268907563","102","0","4116","LOMBOK TIMUR","0.0860233255044993","52"
"357","SUMBAWA BARAT","5207","0.0821284154391465","48655901619","0.111111111111111","49","4","109255","93","10","13","149","4","22.6469387755102","14","0","918","SUMBAWA BARAT","0.0575645488615917","52"
"358","LOMBOK UTARA","5208","0.0803972508016424","43460739987",NA,NA,NA,NA,NA,NA,NA,NA,NA,NA,NA,NA,NA,NA,NA,"52"
"359","ALOR","5307","0.0965444457638981","73332177689",NA,"175","10","191825","113","17","11","96","2","45.6537142857143","56","0","1845","ALOR","0.0864711473944679","53"
"360","ENDE","5311","0.107688740641819","83117776609",NA,"213","15","260845","167","17","23","115","2","48.830985915493","87","0","1858","ENDE","0.0992559618551697","53"
"361","KUPANG","5303","0.0989927861995493","95078153069","0.222222222222222","240","2","358527","254","11","15","22","0","79.3679166666667","75","6","3602","KUPANG","0.0883129510856294","53"
"362","LEMBATA","5308","0.101046577861018","56396907675",NA,"129","1","111311","95","17","9","76","4","39.5317829457364","70","0","1703","LEMBATA","0.119165991809103","53"
"363","MANGGARAI","5313","0.135053851478183","101847638176","0.176470588235294","140","12","281010","123","21","13","10","2","34.5457142857143","46","4","1694","MANGGARAI","0.106883633611061","53"
"364","NGADA","5312","0.111035941864616","63064244326","0.153846153846154","94","7","142305","92","7","16","18","0","30.8042553191489","52","0","1460","NGADA","0.111869115434287","53"
"365","SIKKA","5310","0.140620531276738","112586049517",NA,"160","9","307853","152","20","17","46","4",NA,"139","1","2356","SIKKA","0.127977585153296","53"
"366","SUMBA BARAT","5301","0.096696365480181","47824332671",NA,"53","6","108977","55","4","15","4","0","18.5188679245283","26","0","1040","SUMBA BARAT","0.141515354219472","53"
"367","TIMOR TENGAH UTARA","5305","0.0962632461974731","68418587238.41","0.181818181818182","173","2","222099","126","12","16","5","0",NA,"130","1","2362","TIMOR TENGAH UTARA","0.108301284210623","53"
"368","KOTA KUPANG","5371","0.0833288783770801","78170257272","0.1","49","41","283644","72","162","92","36","6","4.87244897959184","1","1","1070","KOTA KUPANG","0.103946557194332","53"
"369","MANGGARAI BARAT","5315","0.088482416497273","58492724407",NA,"121","3","209970","115","11","14","100","2","75.5752066115703","43","0","1479","MANGGARAI BARAT","0.106447917180967","53"
"370","NAGEKEO","5318","0.0938416315325504","53347756500",NA,"93","1","131729","73","2","9","31","0","49.1677419354839","50","0","1661","NAGEKEO","0.0717461683409238","53"
"371","SUMBA BARAT DAYA","5317","0.113762886451365","67211498100",NA,"96","3","268301","93","2","6","4","0","28.884375","65","1","1920","SUMBA BARAT DAYA","0.0482615464940109","53"
"372","SUMBA TENGAH","5316","0.0916475758225209","37494948377",NA,"43","0","60924","30","1","2","5","0","27.0651162790698","29","1","860","SUMBA TENGAH","0.0639689610204515","53"
"373","MALAKA","5321","0.106844140847799","38280516183",NA,NA,NA,NA,NA,NA,NA,NA,NA,NA,NA,NA,NA,NA,NA,"53"
"374","MALUKU TENGGARA","8102","0.108537686401966","60315893330",NA,"87","3","102543","55","13","11","97","5","12.8724137931034","35","0","557","MALUKU TENGGARA","0.0865507194419478","81"
"375","PULAU BURU",NA,"0.0731088336286683","37293382634","NaN",NA,NA,NA,NA,NA,NA,NA,NA,NA,NA,NA,NA,NA,NA,NA
"376","KOTA AMBON","8171","0.0589151287266302","53474838727",NA,"50","35","277826","146","45","38","112","8","10.468","0","3","324","KOTA AMBON","0.0639841509917632","81"
"377","SERAM BAGIAN BARAT","8106","0.0624613902474381","40975742163",NA,"89","2","158137","140","13","7","132","1","80.1438202247191","44","0","698","SERAM BAGIAN BARAT","0.0885828927674769","81"
"378","KEPULAUAN ARU","8105","0.104987343800486","71851862295",NA,"119","3","79346","61","16","11","68","2","80.6991596638655","8","1","528","KEPULAUAN ARU","0.1012824813301","81"
"379","BURU SELATAN","8109","0.0540195743164686","27732159000",NA,NA,NA,NA,NA,NA,NA,NA,NA,NA,NA,NA,NA,NA,NA,"81"
"380","BIAK NUMFOR","9409","0.11889705165685","96572691638",NA,"187","11","143102","74","24","8","28","5","79.4326203208556","25","0","1497","BIAK NUMFOR","0.127539674556076","94"
"381","JAYAPURA","9403","0.0956537759416863","85116947320",NA,"138","10","116032",NA,NA,NA,"48","3","37.2021739130435","33","7","273","JAYAPURA","0.108783758094036","94"
"382","JAYAWIJAYA","9402","0.0870399547939781","70564596842",NA,"378","5","366699","136","12","7","9","2","74.4701058201058","72","0","790","JAYAWIJAYA","0.125278305264109","94"
"383","MERAUKE","9401","0.105763860915541","195313726864",NA,"168","7","180100","98","22","27","124","6","224.667261904762","8","4","1484","MERAUKE","0.0770150218479885","94"
"384","MIMIKA","9412","0.111006598265896","192041415000",NA,"85","6","168936","41","27","18","41","7","111.194117647059","0","1","675","MIMIKA","0.117058963160216","94"
"385","NABIRE","9404","0.113258234924649","100726187768",NA,"160","6","180878","76","13","7","47","8","100.336875","11","0","723","NABIRE","0.115041942266187","94"
"386","PANIAI","9410","0.0992345650314302","74223573200",NA,"137","0","193652","65","7","4","8","0","160.510218978102","30","10","918","PANIAI","0.096493912748688","94"
"387","PUNCAK JAYA","9411","0.0824465485851686","82254793981.46",NA,"147","0","194527",NA,NA,NA,"4","0","77.034693877551","3","3","959","PUNCAK JAYA","0.0634865045365291","94"
"388","YAHUKIMO","9416","0.0870369535952814","78412994598.3",NA,"518","0","243324","59","10","5","1","0","224.791312741313","24","1","487","YAHUKIMO","0.0788451839502046","94"
"389","KOTA JAYAPURA","9471","0.0517365485660426","54734442515",NA,"39","21","224188","55","48","35","89","8","21.2692307692308","2","1","40","KOTA JAYAPURA","0.0891047610186665","94"
"390","MAMBERAMO RAYA","9428","0.0754551851145295","75230023034",NA,"43","0","11576","25","0","0","1","0","300.241860465116","1","0","10","MAMBERAMO RAYA","0.0761372726453732","94"
"391","TOLIKARA","9418","0.0810482386640197","74886408106",NA,"515","0","168914","56","4","0","0","0","54.0922330097087","24","2","1265","TOLIKARA","0.109158866963611","94"
"392","KEEROM","9420","0.0707137191136095","52719360900",NA,"61","0","43113","40","9","14","26","0","72.9901639344262","2","0","262","KEEROM","0.0864480901458799","94"
"393","PEGUNUNGAN BINTANG","9417","0.072029672929149","78667378158",NA,"112","0","89774","32","5","4","0","0","746.205357142857","5","0","0","PEGUNUNGAN BINTANG","0.0605160676978858","94"
"394","BOVEN DIGOEL","9413","0.0669233159675093","71784589441.2",NA,"88","2","55144","23","12","7","6","0","278.777272727273","3","0","653","BOVEN DIGOEL","0.0655565514942865","94"
"395","MAPPI","9414","0.0863198433722325","8.7e+10",NA,"137","0","85137","68","7","9","16","1","297.919708029197","12","4","222","MAPPI","0.0828583536417412","94"
"396","ASMAT","9415","0.0927673485812757","104845788879.21",NA,"139","1","70327","73","92","28","7","0","138.460431654676","8","2","251","ASMAT","0.0871703279269268","94"
"397","WAROPEN","9426","0.0584389593561261","40398856933.1",NA,"25","1","13561","13","3","0","6","0",NA,"0","0","49","WAROPEN","0.0733414004299189","94"
"398","SARMI","9419","0.0588290676984866","53299720127",NA,"84","1","27010","41","6","5","12","0","93.2333333333333","1","0","570","SARMI","0.0519404040938609","94"
"399","SUPIORI","9427","0.0554510348151733","39803804912",NA,"38","0","14852","16","2","8","0","0","49.4342105263158","2","0","145","SUPIORI","0.068988137059903","94"
"400","NDUGA","9429","0.0675287995963258","49437576006",NA,NA,NA,NA,NA,NA,NA,NA,NA,NA,NA,NA,NA,NA,NA,"94"
"401","PUNCAK","9433","0.0516603236971681","69251735682",NA,NA,NA,NA,NA,NA,NA,NA,NA,NA,NA,NA,NA,NA,NA,"94"
"402","DOGIYAI","9434","0.0911178534078214","69062266442",NA,NA,NA,NA,NA,NA,NA,NA,NA,NA,NA,NA,NA,NA,NA,"94"
"403","MAMBERAMO TENGAH","9431","0.0434793986959727","38498486293",NA,NA,NA,NA,NA,NA,NA,NA,NA,NA,NA,NA,NA,NA,NA,"94"
"404","KEPULAUAN YAPEN","9408","0.125134267577248","90320795026",NA,"112","3","84174","58","15","13","14","1","130.61875","32","3","642",NA,NA,"94"
"405","INTAN JAYA","9435","0.0550149637901897","50118931125.59",NA,NA,NA,NA,NA,NA,NA,NA,NA,NA,NA,NA,NA,NA,NA,"94"
"406","DEIYAI","9436","0.0579530302165149","34256352788",NA,NA,NA,NA,NA,NA,NA,NA,NA,NA,NA,NA,NA,NA,NA,"94"
"407","HALMAHERA TENGAH","8202","0.0749307644425737","43455567907",NA,"34","1","37043","53","3","5","37","0","80.75","6","0","251","HALMAHERA TENGAH","0.068313947376864","82"
"408","HALMAHERA BARAT","8201","0.0908968043950482","51586104868",NA,"140","2","103989","117","8","14","71","3","45.4234285714286","33","0","636","HALMAHERA BARAT","0.087185354441599","82"
"409","KOTA TERNATE","8271","0.0560925221601377","42402041951",NA,"74","45","162984","85","31","33","112","11","17.9432432432432","18","0","209","KOTA TERNATE","0.0622041073425326","82"
"410","HALMAHERA UTARA","8205","0.0896696661880247","62404401354.12",NA,"261","9","213979","181","26","17","166","5","123.03754789272","19","3","1031","HALMAHERA UTARA","0.0715580521946945","82"
"411","KEPULAUAN SULA","8203","0.0682534139117172","34463094448",NA,"127","6","148193","121","8","4","143","3","152.162992125984","10","1","815","KEPULAUAN SULA","0.0754502915315431","82"
"412","PULAU MOROTAI","8207","0.0823056672019935","43226645260",NA,NA,NA,NA,NA,NA,NA,NA,NA,NA,NA,NA,NA,NA,NA,"82"
"413","PULAU TALIABU","8208","0.0420766724045298","6834280000",NA,NA,NA,NA,NA,NA,NA,NA,NA,NA,NA,NA,NA,NA,NA,"82"
"414","LEBAK","3602","0.154839586347228","264849140439",NA,"320","13","1226942","794","49","20","1671","0","61.6159375","14","0","3526","LEBAK","0.0911348952857045","36"
"415","PANDEGLANG","3601","0.120450719610183","186664413865.5",NA,"335","23","1161393","895","58","20","1627","2","44.4776119402985","7","2","4138","PANDEGLANG","0.0836505972846208","36"
"416","SERANG","3604","0.129948626765836","236582822557",NA,"308","31","1374844","720","72","24","1662","2","26.987012987013","54","0","4097","SERANG","0.14571314966235","36"
"417","TANGERANG","3603","0.173025467691867","611173914960",NA,"328","173","3380159","961","542","293","1853","17","26.9698170731707","33","6","6948","TANGERANG","0.122932741437672","36"
"418","KOTA CILEGON","3672","0.111540390579479","135368864290",NA,"43","35","338163","148","34","26","371","6","6.78604651162791","11","0","935","KOTA CILEGON","0.075281847911155","36"
"419","KOTA TANGERANG","3671","0.149043184932337","502340816423",NA,"104","104","1418896","378","138","134","563","9","8.15480769230769","0","1","4339","KOTA TANGERANG","0.0430649228899202","36"
"420","KOTA SERANG","3673","0.0786878793705455","67452078943",NA,"66","25","512579","240","58","39","566","1","8.2469696969697","16","1","1462",NA,NA,"36"
"421","BANGKA","1901","0.126354879168535","112453886000",NA,"69","13","251763","170","22","23","170","7","35.4014492753623","50","0","395","BANGKA","0.104746890849463","19"
"422","BELITUNG","1902","0.152761907778781","118933641099",NA,"42","12","147516","123","18","7","129","6","31.5095238095238","34","0","378","BELITUNG","0.09172475921015","19"
"423","KOTA PANGKAL PINANG","1971","0.128509844793421","93289403238",NA,"36","34","151708","69","35","26","87","8","4.21666666666667","0","1","144","KOTA PANGKAL PINANG","0.111606876003455","19"
"424","BANGKA SELATAN","1905","0.105525763094116","67396377956",NA,"53","3","162005","78","14","5","115","4","63.0320754716981","27","0","437","BANGKA SELATAN","0.152022897519393","19"
"425","BANGKA TENGAH","1904","0.121872681087902","76923024000",NA,"57","4","144904","84","14","9","98","4","50.3070175438597","30","0","372","BANGKA TENGAH","0.084878597703737","19"
"426","BANGKA BARAT","1903","0.134344034373455","91312652188.5",NA,"57","6","178624","122","14","2","156","3","65.7105263157895","34","0","469","BANGKA BARAT","0.105937243113209","19"
"427","BELITUNG TIMUR","1906","0.131192451135497","89512584760",NA,"30","13","96575","105","13","5","93","7","31.54","27","0","210","BELITUNG TIMUR","0.145120655206432","19"
"428","BOALEMO","7501","0.108936730273993","64553181261",NA,"84","3","125928","120","14","11","263","0","29.3738095238095","43","0","1306","BOALEMO","0.107947976219762","75"
"429","GORONTALO","7502","0.119721678721242","101840863124","0.285714285714286","168","30","356251","281","21","33","733","3","29.3571428571429","81","0","2066","GORONTALO","0.0864983815101861","75"
"430","KOTA GORONTALO","7571","0.142021567050781","116873414810",NA,"49","41","162027","113","46","45","230","4","3.67551020408163","23","0","469","KOTA GORONTALO","0.129438794202798","75"
"431","POHUWATO","7503","0.117020324141249","72324362839",NA,"74","1","120406","108","12","7","212","7","43.4459459459459","25","0","874","POHUWATO","0.0808986704385622","75"
"432","BONE BOLANGO","7504","0.0911179367714419","53911190212",NA,"153","7","141726","131","10","18","239","1","27.7071895424837","50","1","1370","BONE BOLANGO","0.0898126139889274","75"
"433","GORONTALO UTARA","7505","0.086946483136567","41461962937",NA,"56","1","100967","102","4","9","205","0","50.3553571428571","25","0","737","GORONTALO UTARA","0.0342661721179567","75"
"434","NATUNA","2103","0.0953315528797306","130232434389",NA,"93","7","101176","126","31","13","189","4","141.129032258065","25","1","605","NATUNA","0.0672459448791155","21"
"435","KARIMUN","2101","0.0932964344946964","100497380313",NA,"54","21","214951","122","51","16","202","11","45.6481481481481","33","0","849","KARIMUN","0.103069581705749","21"
"436","KOTA BATAM",NA,"0.114108084158712","222852098990.97","NaN",NA,NA,NA,NA,NA,NA,NA,NA,NA,NA,NA,NA,NA,NA,NA
"437","KOTA TANJUNG PINANG","2172","0.117095445771568","121257055549",NA,"18","18","166075","51","59","37","105","10","18.4","7","0","710","KOTA TANJUNG PINANG","0.0888421774076451","21"
"438","LINGGA","2104","0.0783435534696618","90811187231.4",NA,"46","4","86467","140","10","7","159","0","49.1326086956522","43","0","495","LINGGA","0.0563088001480794","21"
"439","BINTAN","2102","0.112866208666807","108217041308","0.2","51","11","124918","91","34","17","156","8","100.71568627451","36","0","733","BINTAN","0.0551968055121118","21"
"440","KEPULAUAN ANAMBAS","2105","0.0712800162048673","99571575340",NA,NA,NA,NA,NA,NA,NA,NA,NA,NA,NA,NA,NA,NA,NA,"21"
"441","SORONG","9107","0.128697872806202","141911974000",NA,"110","0","75259","93","8","5","76","0","86.8","33","0","536","SORONG","0.1389759497007","91"
"442","MANOKWARI","9105","0.101392703489336","78813383313",NA,"421","6","366568","136","110","107","58","2","94.1429928741093","55","1","1165","MANOKWARI","0.09879689546026","91"
"443","FAK-FAK",NA,"0.114180989047289","118992356941.08","NaN",NA,NA,NA,NA,NA,NA,NA,NA,NA,NA,NA,NA,NA,NA,NA
"444","KOTA SORONG","9171","0.123566807852301","94664606130",NA,"22","18","177659","40","26","24","72","6","4.97727272727273","7","0","438","KOTA SORONG","0.116715693320377","91"
"445","RAJA AMPAT","9108","0.0740704699441976","77745628493",NA,"86","0","37934","58","8","3","24","0","251.976744186047","47","0","286","RAJA AMPAT","0.088997861747015","91"
"446","SORONG SELATAN","9106","0.0908533275545767","61087958694",NA,"213","1","60055","40","4","11","23","0","104.084507042254","34","0","372","SORONG SELATAN","0.073323028644052","91"
"447","TELUK WONDAMA","9103","0.0827122669509744","51150654492",NA,"61","0","18297","31","8","3","2","0","55.7868852459016","0","0","186","TELUK WONDAMA","0.0597957422223507","91"
"448","KAIMANA","9102","0.125359883492937","107967592329",NA,"86","2","37709","39","7","5","32","0","92.4848837209302","9","1","285","KAIMANA","0.0820737317906288","91"
"449","TAMBRAUW","9109","0.0415821281427481","27584015343.37",NA,NA,NA,NA,NA,NA,NA,NA,NA,NA,NA,NA,NA,NA,NA,"91"
"450","MAYBRAT","9110","0.0648457957001706","42650397234",NA,NA,NA,NA,NA,NA,NA,NA,NA,NA,NA,NA,NA,NA,NA,"91"
"451","MANOKWARI SELATAN","9111","0.0999251197328886","14953987154.11",NA,NA,NA,NA,NA,NA,NA,NA,NA,NA,NA,NA,NA,NA,NA,"91"
"452","PEGUNUNGAN ARFAK","9112","0.0568819445284177","9368046004",NA,NA,NA,NA,NA,NA,NA,NA,NA,NA,NA,NA,NA,NA,NA,"91"
"453","MAJENE","7601","0.0927941514580909","60062326898",NA,"40","6","148518","182","10","17","240","0","43.02","29","1","679","MAJENE","0.0725687793015844","76"
"454","MAMUJU","7604","0.0975169357677965","72739620810",NA,"123","10","334175","361","25","46","576","2","94.1211382113821","7","0","1978","MAMUJU","0.0909233196828165","76"
"455","POLEWALI MANDAR","7602","0.095894763436775","81878935873",NA,"133","20","387785","317","15","20","677","0","35.0105263157895","14","2","1870","POLEWALI MANDAR","0.0976280470440038","76"
"456","MAMASA","7603","0.0591740736074208","34916274476",NA,"177","0","180357","200","19","15","105","3","49.3892655367232","0","1","1187","MAMASA","0.0821349356256457","76"
"457","MAMUJU UTARA","7605","0.0893980987727908","50213910320",NA,"63","0","133354","99","16","8","223","2","51.6349206349206","6","2","454","MAMUJU UTARA","0.114792966114718","76"
"458","MAMUJU TENGAH","7606","0.0550574839095828","12752522603",NA,NA,NA,NA,NA,NA,NA,NA,NA,NA,NA,NA,NA,NA,NA,"76"
